Name,Type,Season
Apple,Fruit,
Apricot,Fruit,
Avocado,Fruit,
Banana,Fruit,
Bilberry,Fruit,
Blackberry,Fruit,
Blackcurrant,Fruit,
Blueberry,Fruit,
Bell pepper,Fruit,
Boysenberry,Fruit,
Caper,Fruit,
Currant,Fruit,
Cherry,Fruit,
Cherimoya,Fruit,
Chico fruit,Fruit,
Cloudberry,Fruit,
Coconut (grated),Fruit,
Coconut,Fruit,
Cranberry,Fruit,
Chilli (red),Fruit,
Chilli (green),Fruit,
Cucumber,Fruit,
Custard apple,Fruit,
Damson,Fruit,
Date,Fruit,
Dragonfruit,Fruit,
Durian,Fruit,
Elderberry,Fruit,
Feijoa,Fruit,
Fig,Fruit,
Goji berry,Fruit,
Gooseberry,Fruit,
Grape,Fruit,
Raisin,Fruit,
Grapefruit,Fruit,
Guava,Fruit,
Honeyberry,Fruit,
Huckleberry,Fruit,
Jabuticaba,Fruit,
Jackfruit,Fruit,
Jambul,Fruit,
Jujube,Fruit,
Juniper berry,Fruit,
Kiwano,Fruit,
Kiwifruit,Fruit,
Kumquat,Fruit,
Lemon,Fruit,
Lime,Fruit,
Loquat,Fruit,
Longan,Fruit,
Lychee,Fruit,
Mango,Fruit,
Mangosteen,Fruit,
Marionberry,Fruit,
Melon,Fruit,
Cantaloupe,Fruit,
Honeydew,Fruit,
Watermelon,Fruit,
Miracle fruit,Fruit,
Mulberry,Fruit,
Nectarine,Fruit,
Nance,Fruit,
Olive,Fruit,
Orange,Fruit,
Blood orange,Fruit,
Cherry tomato,Fruit,
Tomato,Fruit,
Clementine,Fruit,
Mandarine,Fruit,
Tangerine,Fruit,
Papaya,Fruit,
Passionfruit,Fruit,
Peach,Fruit,
Pear,Fruit,
Persimmon,Fruit,
Physalis,Fruit,
Plantain,Fruit,
Plum,Fruit,
Prune,Fruit,
Pineapple,Fruit,
Plumcot,Fruit,
Pomegranate,Fruit,
Pomelo,Fruit,
Purple mangosteen,Fruit,
Quince,Fruit,
Raspberry,Fruit,
Salmonberry,Fruit,
Rambutan,Fruit,
Redcurrant,Fruit,
Salal berry,Fruit,
Salak,Fruit,
Satsuma,Fruit,
Soursop,Fruit,
Star fruit,Fruit,
Solanum quitoense,Fruit,
Strawberry,Fruit,
Tamarillo,Fruit,
Tamarind,Fruit,
Ugli fruit,Fruit,
Yuzu,Fruit,
Ahipa,Vegetable,
Aubergine,Vegetable,
Arracacha,Vegetable,
Bamboo shoot,Vegetable,
Beetroot,Vegetable,
Burdock,Vegetable,
Broadleaf arrowhead,Vegetable,
Camas,Vegetable,
Canna,Vegetable,
Carrot,Vegetable,
Cassava,Vegetable,
Chinese artichoke,Vegetable,
Daikon,Vegetable,
Earthnut pea,Vegetable,
Elephant foot yam,Vegetable,
Ensete,Vegetable,
Galangal,Vegetable,
Ginger,Vegetable,
Hamburg parsley,Vegetable,
Horseradish,Vegetable,
Jerusalem artichoke,Vegetable,
Jícama,Vegetable,
Mashua,Vegetable,
Parsnip,Vegetable,
Pignut,Vegetable,
Baby potato ,Vegetable,
Potato,Vegetable,
Prairie turnip,Vegetable,
Radish,Vegetable,
Rutabaga (swede),Vegetable,
Salsify,Vegetable,
Scorzonera,Vegetable,
Skirret,Vegetable,
Swede,Vegetable,
Sweet potato,Vegetable,
Taro,Vegetable,
Ti,Vegetable,
Tigernut,Vegetable,
Turnip,Vegetable,
Ulluco,Vegetable,
Wasabi,Vegetable,
Water caltrop,Vegetable,
Water chestnut,Vegetable,
Yacón,Vegetable,
Baby Zucchini (courgettes),Vegetable,
Zucchini (courgettes),Vegetable,
Yam,Vegetable,
Amaranth,Vegetable,
Arugula,Vegetable,
Beet (greens),Vegetable,
Bok choy,Vegetable,
Borage greens,Vegetable,
Broccoli,Vegetable,
Brooklime,Vegetable,
Brussels sprouts,Vegetable,
Cabbage,Vegetable,
Catsear,Vegetable,
Celery,Vegetable,
Celtuce,Vegetable,
Chaya,Vegetable,
Chickweed,Vegetable,
Chicory,Vegetable,
Chinese mallow,Vegetable,
Garland Chrysanthemum,Vegetable,
Collard greens,Vegetable,
Common purslane,Vegetable,
Corn salad,Vegetable,
Cress,Vegetable,
Dandelion,Vegetable,
Dill,Vegetable,
Endive,Vegetable,
Fat hen,Vegetable,
Fiddlehead,Vegetable,
Pumpkin,Vegetable,
Golden samphire,Vegetable,
Good King Henry,Vegetable,
Grape (leaves),Vegetable,
Plantain,Vegetable,
Kai-lan,Vegetable,
Kale,Vegetable,
Komatsuna,Vegetable,
Kuka,Vegetable,
Lagos bologi,Vegetable,
Lamb’s lettuce,Vegetable,
Lamb’s quarters,Vegetable,
Land cress,Vegetable,
Lettuce,Vegetable,
Lizard’s tail,Vegetable,
Malabar spinach,Vegetable,
Mallow,Vegetable,
Melokhia,Vegetable,
Miner’s lettuce (Winter purslane),Vegetable,
Mizuna greens,Vegetable,
Mustard,Vegetable,
Napa cabbage,Vegetable,
New Zealand Spinach,Vegetable,
Orache,Vegetable,
Pak choy,Vegetable,
Paracress,Vegetable,
Green Peas,Vegetable,
Poke,Vegetable,
Radicchio,Vegetable,
Rapini (broccoli rabe),Vegetable,
Samphire,Vegetable,
Sculpit,Vegetable,
Sea beet,Vegetable,
Sea kale,Vegetable,
Shepherd’s purse,Vegetable,
Sierra Leone bologi,Vegetable,
Soko,Vegetable,
Sorrel,Vegetable,
Sour cabbage,Vegetable,
Spinach,Vegetable,
Summer purslane,Vegetable,
Swiss chard,Vegetable,
Tatsoi,Vegetable,
Turnip greens,Vegetable,
Watercress,Vegetable,
Water spinach,Vegetable,
Wheatgrass,Vegetable,
Yarrow,Vegetable,
Aonori,Vegetable,
Arame,Vegetable,
Carola,Vegetable,
Dabberlocks,Vegetable,
Dulse,Vegetable,
Hijiki,Vegetable,
Kombu,Vegetable,
Laver / Gim,Vegetable,
Mozuku,Vegetable,
Nori,Vegetable,
Ogonori,Vegetable,
Sea grape,Vegetable,
Sea lettuce,Vegetable,
Wakame,Vegetable,
Asparagus,Vegetable,
green beans (fine),Vegetable,
green beans (flat),Vegetable,
Cardoon,Vegetable,
Celeriac,Vegetable,
Chives,Vegetable,
Florence fennel,Vegetable,
Garlic,Vegetable,
Garlic chives,Vegetable,
Kohlrabi,Vegetable,
Kurrat,Vegetable,
Lemongrass (paste),Vegetable,
Leek,Vegetable,
Lotus root,Vegetable,
Nopal,Vegetable,
Onion (yellow),Vegetable,
Onion (red),Vegetable,
Pearl onion,Vegetable,
Potato onion,Vegetable,
Prussian asparagus,Vegetable,
Spring onion / Scallion,Vegetable,
Shallot,Vegetable,
Tree onion / Welsh onion,Vegetable,
Wild leek,Vegetable,
Manchurian wild rice,Vegetable,
Adzuki Beans,Bean,
Anasazi Beans,Bean,
Black Beans,Bean,
Black-Eyed Peas,Bean,
Borlotti/Cranberry/Roman,Bean,
Butter Beans,Bean,
Cannellini Beans,Bean,
Christmas Lima Bean/Chestnut Lima,Bean,
Corona Beans,Bean,
Edame,Bean,
Fava Beans/Broad Beans,Bean,
Flageolet Beans,Bean,
Chickpeas,Bean,
Desi/Bengal Gram,Bean,
Chana Dal(split),Bean,
Great Northern Beans,Bean,
Kidney Beans,Bean,
Lentils,Bean,
Lima Beans/Butter Beans,Bean,
Lupini Beans,Bean,
Marrow Beans,Bean,
Moth Beans,Bean,
Mung Beans,Bean,
Navy Beans,Bean,
Pigeon Pea,Bean,
Pink Beans,Bean,
Pinto Beans,Bean,
Red Beans/Small Red Beans,Bean,
Rice Beans,Bean,
Scarlet Runner Beans,Bean,
Soybean/Soya Bean,Bean,
Spanish Tolosana Beans,Bean,
Split Peas,Bean,
"Green, Yellow",Bean,
Tepary Beans,Bean,
Urad,Bean,
Almond,Nut,
Australian Nut,Nut,
Beech,Nut,
Black Walnut,Nut,
Blanched Almond,Nut,
Brazil Nut,Nut,
Butternut,Nut,
Candle Nut,Nut,
Candlenut,Nut,
Cashew,Nut,
Chestnuts,Nut,
Chinese Almond,Nut,
Chinese Chestnut,Nut,
Chinkapin,Nut,
Chufa Nut,Nut,
Cobnut,Nut,
Colocynth,Nut,
Country Walnut,Nut,
Cream Nut,Nut,
Cucurbita Ficifolia,Nut,
Earth Almond,Nut,
Earth Nut,Nut,
English Walnuts,Nut,
Filbert,Nut,
Florida Almond,Nut,
Gevuina Avellana,Nut,
Gingko Nut,Nut,
Hazelnut,Nut,
Heartnut,Nut,
Hickory Nut,Nut,
Horned Water Chestnut,Nut,
Indian Beech,Nut,
Indian Nut,Nut,
Japanese Walnut,Nut,
Java Almond,Nut,
Jesuit Nut,Nut,
Juniper Berry,Nut,
Kluwak Nuts,Nut,
Kola Nut,Nut,
Macadamia,Nut,
Malabar Chestnut,Nut,
Mamoncillo,Nut,
Maya Nut,Nut,
Mongongo,Nut,
Oak Acorns,Nut,
Ogbono Nut,Nut,
Para Nut,Nut,
Paradise Nut,Nut,
Pecan,Nut,
Peanut (roasted),Nut,
Peanut,Nut,
Persian Walnuts,Nut,
Pili Nut,Nut,
Pine Nut,Nut,
Pinyon,Nut,
Pistachio Nut,Nut,
Pistacia,Nut,
Polynesian Chestnut,Nut,
Queensland Nut,Nut,
Royal Walnuts,Nut,
Rush Nut,Nut,
Sapucaya Nut,Nut,
Sapucia Nut,Nut,
Shagbark Hickory,Nut,
Sliced Almonds,Nut,
Slivered Almond,Nut,
Sweet Almond,Nut,
Sweet Chestnut,Nut,
Terminalia Catappa,Nut,
Tiger Nut,Nut,
Walnut,Nut,
Water Caltrop,Nut,
White Nut,Nut,
White Walnut,Nut,
Chia seeds,Seed,
Flaxseed,Seed,
Hemp seeds,Seed,
Poppy seed,Seed,
Pumpkin seeds,Seed,
Sesame seed,Seed,
Safflower,Seed,
Sunflower,Seed,
Barley,Cereal,
Fonio,Cereal,
Kamut,Cereal,
Corn,Cereal,
Corn on a cob,Cereal,
Pearl barley,Cereal,
Pearl Millet,Cereal,
Oatmeal,Cereal,
Palmer's grass,Cereal,
Rice (wild),Cereal,
Rice (white),Cereal,
Rye,Cereal,
Sorghum,Cereal,
Spelt,Cereal,
Teff,Cereal,
Triticale,Cereal,
Wheat,Cereal,
allspice (Pimenta dioica),Spice,
angelica (Angelica archangelica),Spice,
anise (Pimpinella anisum),Spice,
asafoetida,Spice,
bay leaf,Spice,
basil ,Spice,
bergamot (Monarda species),Spice,
black cumin (Nigella sativa),Spice,
black mustard (Brassica nigra),Spice,
black pepper (Piper nigrum),Spice,
borage (Borago officinalis),Spice,
brown mustard (Brassica juncea),Spice,
burnet (Sanguisorba minor and S. officinalis),Spice,
caraway (Carum carvi),Spice,
green cardamom (ground),Spice,
green cardamom (pod),Spice,
cassia (Cinnamomum cassia),Spice,
catnip (Nepeta cataria),Spice,
cayenne pepper (ground),Spice,
"celery seed (Apium graveolens, variety dulce)",Spice,
chervil (Anthriscus cerefolium),Spice,
chicory (Cichorium intybus),Spice,
chili (flakes),Spice,
chili (ground),Spice,
chives (Allium schoenoprasum),Spice,
cicely (Myrrhis odorata),Spice,
cilantro (Coriandrum sativum),Spice,
cinnamon (ground),Spice,
cinnamon (stick),Spice,
clove,Spice,
coriander (ground),Spice,
coriander (seed),Spice,
costmary (Tanacetum balsamita),Spice,
cumin (seed),Spice,
cumin (ground),Spice,
curry (powder),Spice,
Garam masala,Spice,
dill (Anethum graveolens),Spice,
fennel (Foeniculum vulgare),Spice,
fenugreek (Trigonella foenum-graecum),Spice,
filé (Sassafras albidum),Spice,
grains of paradise (Aframomum melegueta),Spice,
holy basil (Ocimum tenuiflorum),Spice,
horehound (Marrubium vulgare),Spice,
horseradish (Armoracia rusticana),Spice,
hyssop (Hyssopus officinalis),Spice,
lavender (Lavandula species),Spice,
lemon balm (Melissa officinalis),Spice,
lemon grass,Spice,
lemon verbena (Aloysia citrodora),Spice,
licorice (Glycyrrhiza glabra),Spice,
lovage (Levisticum officinale),Spice,
mace (Myristica fragrans),Spice,
marjoram (Origanum majorana),Spice,
nutmeg (Myristica fragrans),Spice,
oregano (dry),Spice,
oregano (fresh),Spice,
paprika (flake),Spice,
paprika (ground),Spice,
parsley,Spice,
peppermint (Mentha ×piperita),Spice,
poppy seed (Papaver somniferum),Spice,
rosemary (Rosmarinus officinalis),Spice,
rue (Ruta graveolens),Spice,
saffron,Spice,
sage (Salvia officinalis),Spice,
savory (Satureja hortensis and S. montana),Spice,
sorrel (Rumex species),Spice,
star anise (ground),Spice,
star anise (pod),Spice,
spearmint (Mentha spicata),Spice,
tarragon (Artemisia dracunculus),Spice,
thyme ,Spice,
turmeric (ground),Spice,
vanilla (Vanilla planifolia and V. tahitensis),Spice,
wasabi (Eutrema japonicum),Spice,
smoked paprika (ground),Spice,
white mustard (Sinapis alba),Spice,
Beef,Meat,
Chiken,Poultry,
Gambas,seafood,
Salmon,Fish,
Anchovy,Fish,
Generic cheese,Dairy,
Reblochon,Dairy,
Milk,Dairy,
Greek yogurt,Dairy,
Chiken egg,Egg,
Soy milk,Soy based,
Soy cream,Soy based,
Tofu (silky),Soy based,
vegan proteine (crumpets),Soy based,
Tofu (firm),Soy based,
Generic pasta,Pasta,
Spaghettoni,Pasta,
Spaghetti,Pasta,
Spaghettini,Pasta,
Fedelini,Pasta,
Vermicelloni,Pasta,
Vermicelli,Pasta,
Capellini,Pasta,
Capelli d'angelo,Pasta,
Barbina,Pasta,
Bucatini,Pasta,
Perciatelli,Pasta,
Fusilli lunghi,Pasta,
Fusilli bucati,Pasta,
Pici,Pasta,
Soba (Japanese),Pasta,
Udon (Japanese),Pasta,
Cu mian (Chinese),Pasta,
Ziti,Pasta,
Zitoni,Pasta,
Spaghetti alla chitarra,Pasta,
Ciriole,Pasta,
Bavette,Pasta,
Bavettine,Pasta,
Fettuce,Pasta,
Fettuccine,Pasta,
Fettucelle,Pasta,
Lagane,Pasta,
Lasagne,Pasta,
Lasagnette,Pasta,
Lasagnotte,Pasta,
Linguettine,Pasta,
Linguine,Pasta,
Mafalde,Pasta,
Mafaldine,Pasta,
Pappardelle,Pasta,
Pillus,Pasta,
Pizzoccheri,Pasta,
Sagnarelli,Pasta,
Scialatelli or scilatielli,Pasta,
Stringozzi,Pasta,
Tagliatelle,Pasta,
Taglierini,Pasta,
Trenette,Pasta,
Tripoline,Pasta,
Shahe fen (Chinese),Pasta,
Biáng biáng noodles Chinese),Pasta,
Calamarata,Pasta,
Calamaretti,Pasta,
Cannelloni,Pasta,
Cavatappi,Pasta,
Cellentani,Pasta,
Crozet,Pasta,
Chifferi,Pasta,
Ditalini,Pasta,
Fideuà,Pasta,
Gomito,Pasta,
Elicoidali,Pasta,
Fagioloni,Pasta,
Fusilli,Pasta,
Garganelli,Pasta,
Gemelli,Pasta,
Maccheroncelli,Pasta,
Maltagliati,Pasta,
Manicotti,Pasta,
Marziani,Pasta,
Mezzani pasta,Pasta,
Mezze penne,Pasta,
Mezzi bombardoni,Pasta,
Mostaccioli,Pasta,
Paccheri,Pasta,
Pasta al ceppo,Pasta,
Penne,Pasta,
Penne rigate,Pasta,
Penne lisce,Pasta,
Penne zita,Pasta,
Pennette,Pasta,
Pennoni,Pasta,
Rigatoncini,Pasta,
Rigatoni,Pasta,
Sagne 'ncannulate,Pasta,
Spirali,Pasta,
Spiralini,Pasta,
Trenne,Pasta,
Trennette,Pasta,
Tortiglioni,Pasta,
Tuffoli,Pasta,
Campanelle,Pasta,
Capunti,Pasta,
Casarecce,Pasta,
Cavatelli,Pasta,
Cencioni,Pasta,
Conchiglie,Pasta,
Conchiglioni,Pasta,
Corzetti,Pasta,
Creste di galli,Pasta,
Croxetti,Pasta,
Farfalle,Pasta,
Farfalloni,Pasta,
Fiorentine,Pasta,
Fiori,Pasta,
Foglie d'ulivo,Pasta,
Gigli,Pasta,
Gramigna,Pasta,
Lanterne,Pasta,
Lumache,Pasta,
Lumaconi,Pasta,
Maltagliati,Pasta,
Mandala,Pasta,
Marille,Pasta,
Orecchiette,Pasta,
Pipe,Pasta,
Quadrefiore,Pasta,
Radiatori,Pasta,
Ricciolini,Pasta,
Ricciutelle,Pasta,
Rotelle,Pasta,
Rotini,Pasta,
Strozzapreti,Pasta,
Torchio,Pasta,
Trofie,Pasta,
Gnocchi,Pasta,
Passatelli,Pasta,
Spätzle,Pasta,
Agnolotti,Pasta,
Cannelloni,Pasta,
Casoncelli or casonsèi,Pasta,
Casunziei,Pasta,
Fagottini,Pasta,
Maultasche,Pasta,
Mezzelune,Pasta,
Occhi di lupo,Pasta,
Pelmeni,Pasta,
Pierogi,Pasta,
Ravioli,Pasta,
Sacchettini,Pasta,
Sacchettoni,Pasta,
Tortellini,Pasta,
Tortelloni,Pasta,
Gluten flour,Flour,
whole-wheat flour,Flour,
white-wheat flour,Flour,
buckwheat flour,Flour,
Raisins,Dryed Fruit,
Dried apricots,Dryed Fruit,
Prunes,Dryed Fruit,
Dried figs,Dryed Fruit,
Dates,Dryed Fruit,
Tomato puree,Condiment,
Mustard sauce,Condiment,
Salt,Condiment,
Soy sauce,Condiment,
Ketchup,Condiment,
Mayonnaise,Condiment,
Garlic and ginger paste,Condiment,
Tabasco,Condiment,
Wasabi,Condiment,
Tahini,Condiment,
Hummus,Condiment,
Chutney,Condiment,
Miso,Condiment,
Aioli,Condiment,
Harissa,Condiment,
Sriracha,Condiment,
Pesto,Condiment,
Olive oil,Condiment,
Sunflower oil,Condiment,
Sesame oil,Condiment,
Rapeseed oil,Condiment,
Penut oil,Condiment,
Vinegar ,Condiment,
Garlic semoule,Condiment,
Honey,Condiment,
Maple syrup,Condiment,
Nutritional yeast,Condiment,
Pickled onion,Condiment,
Pickled pepper ,Condiment,
Cornichons,Condiment,
Cristal Sugar,Condiment,
Flour Sugar,Condiment,
Brown sugar,Condiment,
Pistou,Condiment,
Coconut cream,Condiment,
Coconut milk,Condiment,
Dryed tomatoes,Condiment,
Kimchi,Condiment,
Rice vinegar,Condiment,
Salsa,Condiment,
Dark Chocolate,Chocolate,
White Chocolate,Chocolate,
Milk Chocolate,Chocolate,
Powdered Chocolate,Chocolate,
Yeast,Baking aid,
Burger buns,Bread,
Breadcrumb,Bread,
flat bread,Bread,
Taco sauce,Condiment,
Taco chips,Junkfood,
Peanut butter crunchy,Others,
Peanut butter,Others,
Vegetable stock,Stock,
Mint,Herb,
Filo pastry (feuille de brick),Dough,
White wine,Alcohol,
Red wine,Alcohol,
Bubble water,water,
